stock_code,n_buy_ops,n_days,avg_daily_ops,avg_amount_wan,total_buy_wan,avg_order_count,avg_time_span_min,avg_vwap_deviation_pct,avg_fwd_1d,win_1d,median_fwd_1d,n_fwd_1d,avg_signal_excess_fwd_1d,signal_excess_win_1d,avg_universe_excess_fwd_1d,universe_excess_win_1d,avg_entry_fwd_1d,entry_win_1d,avg_fwd_3d,win_3d,median_fwd_3d,n_fwd_3d,avg_signal_excess_fwd_3d,signal_excess_win_3d,avg_universe_excess_fwd_3d,universe_excess_win_3d,avg_entry_fwd_3d,entry_win_3d,avg_fwd_5d,win_5d,median_fwd_5d,n_fwd_5d,avg_signal_excess_fwd_5d,signal_excess_win_5d,avg_universe_excess_fwd_5d,universe_excess_win_5d,avg_entry_fwd_5d,entry_win_5d,avg_fwd_10d,win_10d,median_fwd_10d,n_fwd_10d,avg_signal_excess_fwd_10d,signal_excess_win_10d,avg_universe_excess_fwd_10d,universe_excess_win_10d,avg_entry_fwd_10d,entry_win_10d,avg_fwd_20d,win_20d,median_fwd_20d,n_fwd_20d,avg_signal_excess_fwd_20d,signal_excess_win_20d,avg_universe_excess_fwd_20d,universe_excess_win_20d,avg_entry_fwd_20d,entry_win_20d,stability,avg_universe_excess_fwd_5d_norm,universe_excess_win_5d_norm,n_buy_ops_norm,stability_norm,score
000547,1276,164,7.8,7106.2,9067535.8,124.1,23.1,0.26,1.69,0.585,0.61,1276,1.37,0.578,0.86,0.568,1106.94,1.0,4.95,0.595,1.78,1276,4.16,0.576,3.01,0.567,1145.52,1.0,7.99,0.669,2.28,1276,5.97,0.6,4.26,0.52,1181.67,1.0,16.29,0.672,4.34,1276,10.35,0.538,8.22,0.498,1279.78,1.0,32.01,0.655,10.49,1276,16.49,0.479,14.32,0.466,1467.02,1.0,0.327,1.0,0.8632707774798929,0.11789310611928737,1.0,0.7825598544678254
000657,2703,198,13.7,2396.8,6478443.0,57.4,28.2,-0.0,0.92,0.605,0.59,2683,0.77,0.567,0.55,0.552,484.12,1.0,1.99,0.601,1.04,2647,1.64,0.569,1.01,0.544,490.36,1.0,3.17,0.595,1.93,2615,2.62,0.58,1.71,0.552,497.24,1.0,6.19,0.582,2.65,2524,5.23,0.609,3.84,0.55,514.83,1.0,11.93,0.731,10.23,2367,9.75,0.683,8.33,0.641,547.78,1.0,0.172,0.753384912959381,0.9490616621983917,0.33896204492641363,0.855410447761194,0.7394059176046721
000426,3596,234,15.4,2122.5,7632393.4,50.4,30.0,-0.02,0.44,0.542,0.33,3596,0.34,0.509,0.17,0.485,1619.28,1.0,1.48,0.57,0.87,3596,1.03,0.54,0.5,0.489,1637.17,1.0,2.39,0.635,1.8,3596,1.32,0.583,0.56,0.532,1652.81,1.0,5.75,0.723,4.76,3596,2.87,0.635,1.6,0.579,1710.49,1.0,14.13,0.84,11.58,3596,6.12,0.693,4.88,0.648,1853.89,1.0,0.072,0.6421663442940039,0.8954423592493299,0.47730441518202943,0.7621268656716417,0.6971728150959706
000807,3677,235,15.6,1113.0,4092489.3,32.0,28.8,-0.07,0.48,0.532,0.21,3660,0.42,0.529,0.19,0.527,631.27,1.0,1.2,0.606,1.03,3639,0.91,0.59,0.31,0.508,636.43,1.0,1.91,0.595,1.48,3595,1.37,0.576,0.5,0.514,641.42,1.0,3.75,0.719,4.14,3497,2.59,0.633,1.28,0.574,654.55,1.0,6.74,0.813,7.44,3324,4.52,0.743,3.1,0.643,675.83,1.0,0.099,0.6363636363636364,0.8471849865951744,0.4898528272656855,0.7873134328358208,0.6854028592607261
000572,1957,194,10.1,2414.5,4725092.9,49.4,23.1,-0.08,0.47,0.462,0.0,1933,0.38,0.474,-0.03,0.435,365.63,1.0,1.78,0.511,0.4,1896,1.44,0.494,0.41,0.432,371.74,1.0,3.64,0.591,2.0,1852,3.06,0.544,1.74,0.501,380.54,1.0,7.65,0.571,1.51,1767,6.75,0.55,4.75,0.493,399.45,1.0,14.34,0.661,6.67,1609,12.52,0.565,10.53,0.531,430.76,1.0,0.127,0.7562862669245648,0.8123324396782843,0.22339271882261813,0.8134328358208954,0.6722360660199244
000510,1155,144,8.0,921.7,1064610.5,22.4,22.2,0.01,0.8,0.515,0.39,1155,0.53,0.492,-0.03,0.461,1042.33,1.0,2.95,0.64,3.13,1155,1.74,0.568,0.67,0.549,1066.78,1.0,4.39,0.675,5.95,1155,2.25,0.604,0.65,0.571,1083.03,1.0,8.27,0.681,8.33,1155,3.4,0.552,1.03,0.5,1126.76,1.0,22.12,0.715,21.45,1155,5.31,0.491,4.2,0.478,1283.44,1.0,0.053,0.6508704061895552,1.0,0.09914794732765299,0.7444029850746269,0.6546180504488154
000630,5372,229,23.5,1250.8,6719042.2,28.9,31.3,-0.03,0.28,0.508,0.24,5335,0.2,0.517,-0.02,0.469,3139.92,1.0,0.74,0.523,0.31,5297,0.48,0.502,-0.11,0.452,3155.06,1.0,1.18,0.569,0.89,5248,0.71,0.537,-0.12,0.452,3168.57,1.0,2.75,0.631,1.66,5086,1.7,0.566,0.4,0.469,3217.9,1.0,5.63,0.701,5.72,4767,3.57,0.624,2.23,0.588,3307.47,1.0,-0.021,0.5764023210831721,0.6809651474530832,0.7524399690162664,0.6753731343283581,0.6528757799052829
000831,4346,233,18.7,3062.2,13308240.7,71.7,29.2,-0.06,0.11,0.503,0.02,4329,0.11,0.451,-0.05,0.42,319.59,1.0,0.64,0.5,0.03,4294,0.43,0.444,-0.0,0.422,321.81,1.0,0.93,0.515,0.34,4260,0.52,0.511,-0.16,0.481,322.98,1.0,1.82,0.568,0.82,4193,0.83,0.527,-0.31,0.501,326.73,1.0,4.49,0.679,4.13,4022,2.48,0.606,1.14,0.553,337.88,1.0,-0.023,0.5725338491295938,0.7587131367292226,0.5934934159566227,0.6735074626865671,0.6426769101305856
000887,3537,235,15.1,1794.2,6346249.1,46.8,31.7,-0.05,0.36,0.517,0.09,3527,0.27,0.525,0.06,0.486,840.08,1.0,1.26,0.576,1.07,3497,0.92,0.556,0.44,0.492,848.45,1.0,2.0,0.577,1.15,3464,1.34,0.529,0.69,0.437,855.24,1.0,3.68,0.583,2.92,3408,2.52,0.577,1.41,0.509,870.87,1.0,6.13,0.58,3.97,3251,4.15,0.516,2.89,0.505,893.47,1.0,0.094,0.6547388781431335,0.640750670241287,0.4681642137877614,0.7826492537313432,0.626018520460326
000001,6970,234,29.8,1218.7,8494020.8,27.9,37.0,-0.28,-0.01,0.48,0.0,6948,-0.12,0.46,-0.28,0.431,14062.42,1.0,0.08,0.505,0.08,6886,-0.24,0.456,-0.68,0.438,14070.71,1.0,0.16,0.502,0.08,6842,-0.35,0.449,-0.99,0.426,14079.3,1.0,0.32,0.512,0.17,6724,-0.82,0.406,-1.89,0.319,14094.24,1.0,0.59,0.53,0.43,6443,-1.62,0.408,-2.86,0.264,14111.42,1.0,-0.297,0.4922630560928433,0.611260053619303,1.0,0.417910447761194,0.6220742832990476
000766,2943,228,12.9,918.1,2701857.8,24.5,30.9,-0.01,0.11,0.487,-0.04,2919,0.05,0.479,-0.13,0.472,236.23,1.0,0.64,0.461,-0.09,2900,0.37,0.452,-0.06,0.411,238.03,1.0,1.19,0.478,-0.15,2883,0.69,0.508,-0.0,0.496,239.85,1.0,2.3,0.549,1.0,2840,1.34,0.54,0.11,0.438,243.56,1.0,4.85,0.672,3.98,2722,2.71,0.595,1.27,0.512,252.11,1.0,-0.0,0.5880077369439072,0.7989276139410189,0.3761425251742835,0.6949626865671641,0.6196061526514416
300100,3568,231,15.4,2461.6,8782955.7,66.7,30.4,-0.08,0.31,0.47,-0.16,3549,0.21,0.428,0.1,0.423,346.91,1.0,0.9,0.461,-0.63,3514,0.73,0.426,0.45,0.419,348.03,1.0,1.82,0.486,-0.18,3491,1.27,0.45,0.88,0.417,350.57,1.0,3.77,0.546,1.49,3468,2.62,0.48,1.96,0.454,356.72,1.0,6.85,0.586,2.85,3414,4.68,0.471,3.58,0.462,366.03,1.0,0.09,0.6731141199226306,0.5871313672922253,0.47296669248644463,0.7789179104477612,0.6178701876987849
000688,989,125,7.9,1018.3,1007098.2,25.6,20.9,-0.18,0.98,0.495,-0.07,967,0.96,0.526,0.5,0.479,410.28,1.0,2.45,0.569,1.41,940,2.36,0.532,0.82,0.41,418.12,1.0,3.9,0.615,3.01,919,3.84,0.597,1.57,0.474,425.32,1.0,8.25,0.605,3.1,833,8.16,0.571,5.01,0.492,447.09,1.0,11.33,0.643,6.41,704,10.19,0.636,7.8,0.564,462.3,1.0,0.126,0.7398452611218569,0.739946380697051,0.07343144848954299,0.8125,0.6138583083557667
000792,3810,234,16.3,2231.8,8503058.5,53.0,32.6,-0.07,0.25,0.479,0.0,3789,0.12,0.464,-0.06,0.446,692.57,1.0,0.8,0.518,0.06,3746,0.41,0.504,-0.09,0.464,697.0,1.0,1.25,0.535,0.3,3719,0.67,0.538,-0.12,0.458,700.56,1.0,2.51,0.643,1.73,3621,1.36,0.565,0.07,0.509,710.45,1.0,4.74,0.718,3.77,3434,2.51,0.647,1.17,0.568,728.1,1.0,-0.03,0.5764023210831721,0.6970509383378017,0.5104570100697134,0.6669776119402985,0.6084653731425819
000859,1258,151,8.3,1592.8,2003765.9,34.6,25.4,0.2,0.34,0.498,0.0,1238,0.31,0.442,-0.13,0.403,281.31,1.0,1.39,0.521,0.48,1193,1.23,0.49,-0.01,0.435,285.42,1.0,2.52,0.575,1.33,1147,2.17,0.548,0.66,0.499,289.29,1.0,4.71,0.659,3.39,1080,3.92,0.602,1.37,0.509,298.0,1.0,6.45,0.606,4.58,912,4.54,0.56,3.29,0.507,304.32,1.0,0.071,0.6518375241779497,0.8069705093833781,0.11510457010069713,0.7611940298507461,0.6019664794914074
000811,2055,216,9.5,624.1,1282568.2,17.9,26.9,-0.04,0.74,0.577,0.5,2055,0.55,0.529,0.29,0.494,1988.43,1.0,2.02,0.549,0.97,2055,1.17,0.488,0.5,0.458,2016.07,1.0,3.83,0.567,1.47,2055,2.03,0.513,1.12,0.438,2056.49,1.0,7.51,0.637,3.15,2055,3.46,0.546,1.99,0.467,2139.68,1.0,20.48,0.684,8.24,2055,8.57,0.568,7.78,0.533,2431.71,1.0,0.116,0.6963249516441006,0.64343163538874,0.238574748257165,0.8031716417910447,0.5995915851047997
000617,4046,228,17.7,2412.6,9761472.1,50.9,31.6,-0.08,0.2,0.481,-0.14,4028,0.13,0.447,-0.06,0.388,692.51,1.0,0.77,0.485,-0.09,3996,0.48,0.479,-0.0,0.427,697.02,1.0,1.71,0.525,0.33,3922,1.05,0.464,0.44,0.397,704.51,1.0,3.78,0.502,0.31,3840,2.2,0.473,1.3,0.386,720.78,1.0,5.6,0.536,0.58,3711,2.98,0.492,1.77,0.445,734.97,1.0,0.058,0.6305609284332689,0.5335120643431637,0.5470178156467854,0.7490671641791045,0.5965882702235242
000678,2010,183,11.0,1077.0,2164823.3,25.9,21.9,-0.13,0.46,0.478,-0.2,2002,0.47,0.461,0.27,0.455,348.13,1.0,1.85,0.503,0.06,1990,1.61,0.451,1.06,0.433,354.58,1.0,3.05,0.477,-0.99,1978,2.64,0.416,1.74,0.404,359.95,1.0,4.59,0.418,-2.21,1928,4.14,0.403,2.54,0.359,366.84,1.0,7.2,0.506,0.19,1772,6.37,0.415,5.34,0.361,378.39,1.0,0.12,0.7562862669245648,0.5522788203753353,0.2316034082106894,0.8069029850746268,0.595209133032027
000603,1791,194,9.2,843.3,1510313.7,23.9,24.9,-0.04,0.52,0.499,0.0,1774,0.42,0.494,0.17,0.453,335.11,1.0,1.56,0.53,0.57,1744,1.35,0.55,0.5,0.467,339.73,1.0,2.25,0.556,1.09,1708,1.8,0.506,0.54,0.469,342.74,1.0,4.9,0.625,3.35,1622,3.95,0.562,1.91,0.501,354.35,1.0,8.64,0.645,5.48,1446,6.4,0.559,4.63,0.501,370.54,1.0,0.066,0.6402321083172147,0.7265415549597856,0.19767621998450813,0.7565298507462686,0.58924353888635
000796,2171,187,11.6,1090.6,2367596.6,27.6,25.3,-0.14,0.27,0.514,0.14,2161,0.21,0.493,-0.0,0.486,318.33,1.0,0.89,0.52,0.4,2131,0.72,0.496,0.04,0.474,321.02,1.0,1.56,0.52,0.64,2080,1.26,0.552,0.3,0.458,323.85,1.0,2.59,0.521,1.57,2025,1.79,0.518,0.13,0.452,327.98,1.0,4.64,0.586,3.25,1899,2.69,0.558,0.87,0.512,336.32,1.0,0.039,0.6170212765957447,0.6970509383378017,0.2565453137103021,0.7313432835820896,0.5803671832399078
000833,2494,224,11.1,1038.9,2591106.8,28.2,27.0,-0.07,0.26,0.494,0.0,2482,0.25,0.465,0.05,0.437,107.89,1.0,0.88,0.513,0.26,2474,0.69,0.466,0.1,0.44,109.15,1.0,1.68,0.558,0.72,2453,1.21,0.51,0.43,0.435,110.8,1.0,2.8,0.535,2.06,2412,1.91,0.481,0.58,0.442,113.1,1.0,5.34,0.539,0.86,2293,3.57,0.452,1.99,0.453,118.36,1.0,0.051,0.6295938104448743,0.6353887399463808,0.30658404337722694,0.7425373134328358,0.578024686180593
000558,2193,220,10.0,728.5,1597600.3,19.9,26.8,-0.05,-0.02,0.487,0.0,2192,-0.02,0.46,-0.14,0.432,643.98,1.0,0.34,0.479,0.0,2190,0.19,0.472,-0.11,0.454,646.71,1.0,0.72,0.497,0.0,2181,0.25,0.48,-0.25,0.469,649.55,1.0,-0.03,0.509,0.19,2153,-1.42,0.436,-2.2,0.386,643.74,1.0,0.9,0.492,-0.66,2104,-2.13,0.427,-3.15,0.368,650.7,1.0,-0.023,0.5638297872340425,0.7265415549597856,0.25995352439969016,0.6735074626865671,0.5628358325301474
000425,3553,234,15.2,873.9,3105066.8,24.6,30.0,-0.03,0.17,0.514,0.11,3538,0.13,0.509,-0.05,0.474,4794.76,1.0,0.53,0.54,0.13,3506,0.22,0.526,-0.26,0.478,4812.39,1.0,0.85,0.529,0.39,3485,0.22,0.523,-0.56,0.439,4827.69,1.0,1.69,0.606,1.72,3402,0.55,0.536,-0.68,0.48,4867.96,1.0,3.41,0.618,4.19,3238,1.58,0.577,0.25,0.493,4949.84,1.0,-0.126,0.5338491295938104,0.6461126005361931,0.47064291247095275,0.5774253731343283,0.5592445518060054
000034,3737,229,16.3,2421.1,9047582.7,59.1,31.1,-0.06,0.02,0.484,-0.08,3726,-0.04,0.479,-0.22,0.435,222.88,1.0,0.51,0.511,0.12,3699,0.19,0.434,-0.26,0.389,224.46,1.0,0.75,0.529,0.3,3671,0.3,0.436,-0.37,0.407,225.24,1.0,1.78,0.518,0.44,3618,0.75,0.415,-0.32,0.391,228.53,1.0,2.57,0.486,-0.57,3486,0.52,0.378,-0.84,0.368,231.04,1.0,-0.048,0.5522243713733076,0.5603217158176944,0.499147947327653,0.650186567164179,0.5538345094765799
000559,2495,210,11.9,2228.3,5559725.1,48.6,27.7,-0.1,0.57,0.514,0.13,2481,0.45,0.449,0.2,0.423,4141.64,1.0,1.16,0.455,-0.27,2452,0.97,0.454,0.26,0.414,4166.62,1.0,1.84,0.494,-0.39,2418,1.44,0.436,0.41,0.404,4194.43,1.0,2.61,0.491,-0.27,2326,2.1,0.453,0.56,0.402,4226.67,1.0,4.63,0.536,1.17,2181,3.22,0.423,1.55,0.331,4310.74,1.0,0.041,0.6276595744680852,0.5522788203753353,0.3067389620449264,0.7332089552238806,0.551416163831208
000880,2924,231,12.7,957.5,2799728.0,26.2,25.3,-0.1,-0.08,0.442,-0.57,2921,-0.14,0.454,-0.28,0.442,341.66,1.0,0.52,0.439,-1.08,2916,0.32,0.42,-0.04,0.418,343.45,1.0,1.15,0.448,-0.99,2913,0.63,0.411,0.09,0.395,345.51,1.0,3.15,0.489,-0.18,2880,2.22,0.438,1.31,0.428,351.45,1.0,7.37,0.509,0.85,2781,5.53,0.523,4.36,0.479,363.51,1.0,0.008,0.5967117988394585,0.5281501340482575,0.3731990704879938,0.7024253731343283,0.5420121111612923
000021,3316,227,14.6,2645.0,8770763.8,62.8,30.5,-0.08,0.34,0.502,0.04,3301,0.2,0.468,-0.01,0.451,1554.57,1.0,0.74,0.502,0.14,3269,0.34,0.486,-0.26,0.423,1561.0,1.0,1.23,0.558,0.43,3235,0.48,0.506,-0.37,0.402,1569.07,1.0,1.63,0.512,0.25,3129,0.33,0.43,-0.84,0.333,1575.47,1.0,2.19,0.533,1.27,2981,-0.1,0.409,-1.52,0.369,1584.27,1.0,-0.059,0.5522243713733076,0.5469168900804291,0.43392718822618126,0.6399253731343283,0.5357427905321208
000776,3295,232,14.2,1975.0,6507642.7,47.7,31.5,-0.05,0.07,0.517,0.1,3284,-0.02,0.482,-0.23,0.441,542.02,1.0,0.34,0.527,0.33,3255,0.08,0.457,-0.42,0.401,543.76,1.0,0.82,0.585,0.8,3210,0.3,0.495,-0.43,0.412,546.71,1.0,2.05,0.625,1.33,3130,0.77,0.537,-0.37,0.416,554.47,1.0,3.87,0.668,3.71,2980,1.33,0.598,0.08,0.572,565.7,1.0,-0.114,0.5464216634429401,0.5737265415549598,0.43067389620449265,0.5886194029850746,0.53568334738307
000006,1641,195,8.4,798.7,1310721.4,21.5,24.0,-0.11,0.26,0.483,-0.18,1636,0.32,0.444,0.18,0.438,5090.66,1.0,1.03,0.442,-0.82,1622,0.92,0.441,0.53,0.401,5130.7,1.0,1.56,0.45,-0.79,1608,1.1,0.429,0.59,0.404,5158.44,1.0,3.19,0.431,-2.02,1600,1.88,0.356,0.7,0.338,5244.88,1.0,5.95,0.408,-3.32,1541,4.09,0.358,2.33,0.347,5389.34,1.0,0.058,0.6450676982591876,0.5522788203753353,0.17443841982958946,0.7490671641791045,0.533505125800104
000797,768,125,6.1,770.3,591565.3,17.7,23.8,-0.0,0.44,0.506,0.41,767,0.33,0.548,-0.21,0.555,628.15,1.0,1.18,0.557,0.53,747,1.08,0.535,-0.35,0.474,633.6,1.0,2.56,0.561,1.23,733,2.27,0.538,-0.02,0.457,643.56,1.0,5.67,0.601,4.44,674,5.26,0.681,1.62,0.513,665.32,1.0,7.83,0.71,9.91,525,7.63,0.724,5.14,0.699,682.2,1.0,-0.002,0.5860735009671181,0.6943699731903487,0.03919442292796282,0.6930970149253731,0.5198889784220817
000519,2731,229,11.9,1362.9,3721980.5,37.4,28.6,-0.09,0.03,0.465,-0.32,2716,-0.04,0.401,-0.17,0.397,721.34,1.0,0.18,0.454,-0.32,2697,-0.14,0.466,-0.49,0.414,722.46,1.0,0.44,0.454,-0.36,2678,-0.17,0.453,-0.65,0.41,724.61,1.0,0.46,0.483,-0.42,2663,-0.75,0.443,-1.62,0.421,724.79,1.0,0.8,0.493,-0.06,2611,-1.41,0.476,-2.73,0.437,727.49,1.0,-0.112,0.5251450676982592,0.5683646112600537,0.34329976762199843,0.5904850746268656,0.508275871444406
000063,3963,222,17.9,14772.0,58541600.1,262.1,32.9,0.17,0.1,0.479,-0.09,3929,0.03,0.452,-0.19,0.435,1729.25,1.0,-0.03,0.488,-0.11,3895,-0.28,0.51,-0.8,0.421,1726.89,1.0,-0.12,0.526,0.22,3840,-0.56,0.478,-1.32,0.402,1725.14,1.0,0.44,0.532,0.62,3747,-0.74,0.394,-1.86,0.326,1735.19,1.0,0.58,0.475,-1.31,3583,-1.47,0.359,-2.71,0.251,1738.14,1.0,-0.216,0.46034816247582205,0.5469168900804291,0.5341595662277304,0.49347014925373134,0.5043932601853768
000157,2641,226,11.7,627.4,1656990.1,17.8,31.1,-0.03,0.17,0.506,0.13,2625,0.05,0.477,-0.1,0.42,8895.48,1.0,0.32,0.538,0.14,2599,-0.07,0.422,-0.46,0.373,8907.42,1.0,0.51,0.542,0.49,2583,-0.17,0.447,-0.74,0.408,8923.57,1.0,1.44,0.583,1.35,2557,0.16,0.488,-1.02,0.433,9005.95,1.0,2.51,0.679,2.4,2430,0.27,0.481,-1.16,0.39,9094.33,1.0,-0.216,0.5164410058027079,0.5630026809651475,0.32935708752904724,0.49347014925373134,0.49069563904181
000528,2278,222,10.3,659.8,1502976.0,19.5,28.0,-0.06,0.06,0.411,-0.37,2273,-0.02,0.428,-0.12,0.425,1433.95,1.0,0.39,0.484,-0.09,2238,0.06,0.462,-0.25,0.421,1438.8,1.0,0.5,0.471,-0.25,2234,-0.11,0.432,-0.55,0.398,1440.51,1.0,0.83,0.497,0.0,2222,-0.41,0.374,-1.3,0.338,1445.6,1.0,0.6,0.49,-0.18,2166,-0.96,0.385,-2.47,0.335,1442.07,1.0,-0.117,0.534816247582205,0.5361930294906168,0.2731216111541441,0.585820895522388,0.4879908196631347
000568,3793,236,16.1,1850.5,7018845.1,49.9,32.9,-0.07,-0.03,0.476,-0.14,3781,-0.11,0.395,-0.27,0.413,3581.47,1.0,0.04,0.456,-0.44,3756,-0.28,0.435,-0.78,0.402,3583.35,1.0,0.11,0.464,-0.35,3734,-0.46,0.419,-1.19,0.383,3585.33,1.0,0.34,0.496,-0.2,3647,-0.87,0.378,-2.03,0.369,3591.37,1.0,1.03,0.506,0.15,3498,-1.1,0.439,-2.47,0.381,3612.68,1.0,-0.274,0.4729206963249517,0.49597855227882043,0.5078233927188226,0.43936567164179097,0.48346308992157044
000066,3605,224,16.1,2180.0,7858739.9,51.1,32.5,-0.09,0.06,0.478,-0.07,3591,-0.07,0.412,-0.21,0.38,1058.8,1.0,0.19,0.483,-0.22,3571,-0.2,0.429,-0.57,0.381,1060.34,1.0,0.35,0.456,-0.53,3533,-0.33,0.393,-0.86,0.353,1062.13,1.0,0.61,0.449,-0.68,3506,-0.83,0.365,-1.75,0.323,1065.12,1.0,0.93,0.448,-1.12,3406,-1.49,0.331,-2.79,0.308,1068.86,1.0,-0.143,0.5048355899419729,0.4155495978552279,0.4786986831913246,0.5615671641791045,0.4784955683895329
000762,1854,189,9.8,804.1,1490790.2,24.4,28.2,-0.07,0.19,0.475,-0.1,1848,0.07,0.413,-0.21,0.399,501.87,1.0,0.32,0.543,0.63,1821,0.02,0.474,-0.64,0.387,502.64,1.0,0.72,0.508,0.15,1788,0.09,0.457,-0.91,0.426,505.01,1.0,0.81,0.544,0.86,1724,-0.08,0.458,-1.61,0.369,505.57,1.0,1.44,0.602,1.76,1627,-0.02,0.449,-1.88,0.382,509.32,1.0,-0.177,0.5,0.611260053619303,0.20743609604957397,0.5298507462686567,0.47785030992257144
000620,1575,211,7.5,1023.8,1612441.6,21.1,24.1,-0.16,0.22,0.397,0.0,1560,0.17,0.425,-0.17,0.394,227.88,1.0,0.39,0.449,-0.74,1526,0.3,0.391,-0.58,0.34,228.43,1.0,1.57,0.407,-1.5,1481,1.26,0.409,0.06,0.362,232.44,1.0,1.98,0.341,-2.9,1425,1.2,0.295,-0.71,0.224,233.81,1.0,7.38,0.365,-2.7,1296,5.33,0.306,3.6,0.269,251.42,1.0,0.004,0.5938104448742746,0.43967828418230565,0.16421378776142526,0.6986940298507462,0.4721398237417612
000753,1992,218,9.1,601.6,1198399.2,16.4,25.8,0.02,-0.06,0.429,-0.23,1985,0.01,0.442,-0.27,0.416,1018.94,1.0,-0.2,0.425,-0.47,1978,-0.07,0.431,-0.94,0.386,1017.36,1.0,-0.01,0.466,-0.35,1959,0.13,0.462,-1.15,0.418,1019.43,1.0,1.04,0.482,-0.7,1875,0.8,0.455,-0.96,0.434,1030.98,1.0,3.0,0.516,0.58,1724,2.19,0.458,0.42,0.422,1052.96,1.0,-0.129,0.47678916827852996,0.5898123324396783,0.22881487219209914,0.5746268656716418,0.4708850280488995
000700,1682,177,9.5,793.5,1334688.1,20.2,24.4,-0.11,0.33,0.473,-0.35,1654,0.28,0.478,-0.03,0.469,1766.44,1.0,0.85,0.431,-0.29,1616,0.56,0.44,-0.32,0.364,1775.26,1.0,0.98,0.487,-0.66,1575,0.48,0.441,-0.74,0.406,1777.13,1.0,1.06,0.52,0.41,1494,0.64,0.509,-1.18,0.446,1778.57,1.0,-0.93,0.524,1.54,1359,-1.09,0.468,-2.7,0.4,1741.9,1.0,-0.096,0.5164410058027079,0.5576407506702414,0.18079008520526724,0.605410447761194,0.47056768933932847
000036,620,115,5.4,904.6,560844.8,18.6,21.2,0.1,0.66,0.444,-0.76,588,0.57,0.439,0.08,0.398,1042.7,1.0,1.03,0.425,-0.93,548,0.91,0.423,-0.83,0.358,1047.57,1.0,2.61,0.419,-0.74,515,2.32,0.423,0.23,0.373,1065.48,1.0,1.78,0.419,-2.36,454,1.36,0.445,-1.29,0.366,1056.42,1.0,1.23,0.425,-1.88,388,1.02,0.415,-0.91,0.325,1047.42,1.0,0.02,0.6102514506769826,0.4691689008042896,0.016266460108443067,0.7136194029850746,0.459466482832276
000783,2759,226,12.2,716.1,1975710.8,19.1,31.6,-0.08,-0.03,0.448,-0.13,2747,-0.12,0.434,-0.3,0.386,579.66,1.0,0.11,0.508,0.13,2726,-0.19,0.473,-0.73,0.366,580.57,1.0,0.49,0.575,0.66,2703,-0.19,0.463,-0.99,0.382,583.08,1.0,1.11,0.628,1.37,2639,-0.3,0.486,-1.57,0.402,587.29,1.0,1.95,0.685,2.76,2508,-0.48,0.55,-1.99,0.407,592.84,1.0,-0.291,0.4922630560928433,0.49329758713136734,0.3476374903175833,0.42350746268656714,0.4567727429087209
000534,979,167,5.9,574.4,562377.2,16.4,21.2,-0.0,0.13,0.505,0.06,964,0.05,0.417,-0.21,0.394,330.43,1.0,0.58,0.491,0.0,949,0.32,0.44,-0.48,0.42,332.37,1.0,1.49,0.495,-0.06,934,0.84,0.459,-0.41,0.39,336.25,1.0,1.34,0.452,-0.36,899,-0.08,0.418,-2.33,0.325,335.58,1.0,3.11,0.556,2.14,784,0.91,0.495,-0.42,0.362,343.06,1.0,-0.056,0.5483558994197292,0.5147453083109921,0.0718822618125484,0.6427238805970148,0.45241479268340046
000555,2214,217,10.2,1249.8,2767068.2,30.1,25.8,-0.04,-0.25,0.481,-0.39,2201,-0.23,0.425,-0.44,0.407,216.65,1.0,-0.21,0.407,-0.85,2195,-0.28,0.4,-0.72,0.349,216.8,1.0,0.23,0.416,-1.49,2172,-0.1,0.413,-0.75,0.354,218.16,1.0,0.16,0.448,-1.3,2151,-0.76,0.376,-2.03,0.36,217.96,1.0,-0.22,0.452,-3.23,2057,-1.6,0.387,-3.09,0.344,216.71,1.0,-0.076,0.5154738878143134,0.41823056300268097,0.2632068164213788,0.6240671641791045,0.44670680372871585
000651,4174,231,18.1,2768.0,11553704.9,70.1,36.2,0.01,-0.03,0.507,0.05,4156,-0.06,0.501,-0.23,0.464,23437.05,1.0,-0.1,0.485,-0.07,4125,-0.37,0.417,-0.89,0.391,23415.32,1.0,-0.09,0.511,0.02,4097,-0.6,0.417,-1.42,0.343,23412.93,1.0,-0.05,0.55,0.43,3986,-1.1,0.427,-2.4,0.347,23396.16,1.0,0.1,0.527,0.29,3793,-1.8,0.371,-3.17,0.278,23383.78,1.0,-0.362,0.4506769825918762,0.38873994638069714,0.566847405112316,0.35727611940298504,0.4459898699137213
000158,3771,222,17.0,3253.9,12270604.8,80.2,32.5,-0.09,0.03,0.474,-0.05,3756,0.0,0.422,-0.14,0.409,195.37,1.0,0.23,0.466,-0.54,3711,-0.03,0.429,-0.45,0.387,195.97,1.0,-0.14,0.403,-1.28,3679,-0.56,0.354,-1.18,0.321,194.88,1.0,0.38,0.419,-1.25,3623,-0.59,0.354,-1.61,0.309,196.38,1.0,1.34,0.472,-1.3,3506,-0.68,0.332,-2.02,0.306,199.21,1.0,-0.176,0.47388781431334626,0.3297587131367293,0.5044151820294346,0.5307835820895521,0.44244413428119944
000768,3062,234,13.1,904.8,2770405.7,27.2,32.0,-0.02,-0.12,0.43,-0.21,3037,-0.23,0.406,-0.4,0.346,760.8,1.0,-0.22,0.449,-0.39,3007,-0.55,0.398,-0.96,0.348,759.91,1.0,-0.15,0.479,-0.15,2981,-0.79,0.418,-1.43,0.384,760.47,1.0,-0.21,0.434,-0.32,2918,-1.49,0.429,-2.5,0.346,759.93,1.0,-0.35,0.492,-0.12,2824,-2.68,0.421,-3.86,0.349,758.67,1.0,-0.407,0.44970986460348167,0.4986595174262735,0.394577846630519,0.31529850746268656,0.4399272211416472
000422,2452,220,11.1,823.4,2019063.1,22.3,26.7,-0.14,-0.14,0.463,-0.16,2447,-0.14,0.462,-0.34,0.444,1314.56,1.0,-0.33,0.502,0.07,2416,-0.31,0.469,-0.86,0.394,1311.87,1.0,-0.2,0.502,0.08,2400,-0.3,0.434,-1.14,0.369,1313.5,1.0,-0.9,0.413,-1.47,2352,-0.79,0.374,-2.15,0.34,1303.7,1.0,-1.07,0.42,-1.44,2250,-1.86,0.376,-3.48,0.325,1300.9,1.0,-0.196,0.4777562862669246,0.45844504021447724,0.3000774593338497,0.5121268656716417,0.43986420500504714
000536,2113,218,9.7,989.8,2091479.6,23.5,28.3,-0.12,-0.04,0.468,0.0,2106,-0.08,0.432,-0.27,0.417,266.47,1.0,-0.04,0.43,-0.74,2087,-0.26,0.376,-0.74,0.378,266.46,1.0,-0.08,0.479,-0.43,2064,-0.65,0.419,-1.47,0.398,266.28,1.0,0.21,0.508,0.38,2012,-1.07,0.429,-2.53,0.412,267.35,1.0,-1.27,0.458,-1.56,1890,-2.43,0.38,-3.82,0.337,262.34,1.0,-0.208,0.4458413926499033,0.5361930294906168,0.24756003098373355,0.5009328358208955,0.4387997556859826
000100,6571,225,29.2,1437.0,9442774.7,31.4,37.4,-0.02,-0.04,0.427,-0.19,6529,-0.15,0.458,-0.35,0.376,273.97,1.0,-0.22,0.46,0.0,6476,-0.55,0.378,-1.09,0.312,273.29,1.0,-0.42,0.436,-0.25,6423,-1.04,0.369,-1.84,0.28,272.52,1.0,-0.43,0.474,-0.47,6261,-1.71,0.327,-3.04,0.256,272.42,1.0,-0.94,0.419,-1.19,5928,-3.22,0.263,-4.55,0.185,270.4,1.0,-0.528,0.4100580270793037,0.2198391420911529,0.9381874515879164,0.20242537313432832,0.4378549810900835
000060,2103,230,9.1,515.7,1084570.9,14.5,30.8,-0.05,0.13,0.476,0.0,2079,0.02,0.463,-0.23,0.451,4051.57,1.0,0.19,0.529,0.18,2050,-0.01,0.485,-0.87,0.369,4054.04,1.0,0.28,0.563,0.71,2017,-0.03,0.521,-1.27,0.402,4056.89,1.0,0.66,0.545,1.13,1918,0.07,0.502,-1.79,0.319,4071.94,1.0,1.06,0.573,1.3,1764,-0.13,0.541,-2.06,0.467,4086.7,1.0,-0.337,0.465183752417795,0.5469168900804291,0.24601084430673897,0.38059701492537307,0.4374104383451318
000032,2548,225,11.3,1586.0,4041038.6,39.5,29.1,0.01,0.08,0.499,-0.04,2547,-0.02,0.434,-0.16,0.418,323.83,1.0,0.03,0.425,-0.63,2543,-0.32,0.414,-0.74,0.383,323.6,1.0,0.18,0.409,-1.25,2513,-0.38,0.354,-0.89,0.336,324.16,1.0,0.35,0.4,-1.79,2469,-0.55,0.355,-1.31,0.317,324.96,1.0,-2.38,0.283,-5.29,2435,-3.74,0.262,-5.11,0.233,313.39,1.0,-0.098,0.5019342359767892,0.36997319034852555,0.3149496514329977,0.6035447761194029,0.4351100593938132
000681,3267,222,14.7,1937.0,6328216.8,50.4,30.1,0.01,0.05,0.469,-0.2,3249,-0.1,0.395,-0.28,0.363,410.25,1.0,-0.09,0.439,-0.78,3230,-0.43,0.366,-0.93,0.313,409.46,1.0,0.04,0.432,-1.04,3208,-0.52,0.403,-1.28,0.332,410.1,1.0,0.33,0.453,-0.81,3142,-0.88,0.355,-2.11,0.341,411.5,1.0,-0.11,0.469,-1.24,2983,-2.04,0.373,-3.44,0.328,409.33,1.0,-0.173,0.46421663442940037,0.3592493297587132,0.42633617350890785,0.5335820895522388,0.43208689635637965
000661,3176,233,13.6,1050.7,3336931.6,28.9,28.5,-0.06,-0.06,0.449,-0.23,3171,-0.07,0.38,-0.23,0.377,729.48,1.0,-0.06,0.452,-0.29,3149,-0.29,0.376,-0.73,0.363,729.42,1.0,-0.02,0.412,-0.68,3128,-0.43,0.369,-1.15,0.332,729.65,1.0,-0.23,0.457,-0.9,3059,-1.15,0.394,-2.5,0.359,727.72,1.0,-0.03,0.469,-0.7,2909,-1.88,0.333,-3.3,0.29,728.94,1.0,-0.199,0.47678916827852996,0.3592493297587132,0.41223857474825715,0.5093283582089553,0.4318710170095729
000725,6448,224,28.8,3107.3,20035798.6,48.6,40.0,-0.01,0.02,0.44,0.0,6448,-0.09,0.399,-0.27,0.398,437.95,1.0,-0.18,0.478,0.0,6341,-0.46,0.399,-0.96,0.35,436.81,1.0,-0.22,0.461,0.0,6297,-0.78,0.385,-1.51,0.262,436.61,1.0,-0.16,0.494,0.0,6180,-1.54,0.322,-2.78,0.255,436.84,1.0,-0.66,0.43,-0.5,5841,-3.0,0.231,-4.34,0.154,434.08,1.0,-0.54,0.441972920696325,0.17158176943699735,0.9191324554608831,0.19123134328358204,0.43121332453016403
000564,5692,225,25.3,1314.3,7480915.1,28.8,31.0,-0.06,-0.2,0.404,-0.4,5670,-0.21,0.367,-0.34,0.343,1131.31,1.0,-0.33,0.377,-0.84,5637,-0.6,0.33,-1.11,0.301,1129.81,1.0,-0.44,0.406,-1.0,5603,-0.91,0.351,-1.78,0.277,1128.49,1.0,-1.03,0.387,-1.97,5429,-2.12,0.245,-3.31,0.208,1121.26,1.0,-1.47,0.375,-1.68,5182,-3.66,0.271,-5.05,0.207,1115.6,1.0,-0.307,0.4158607350096712,0.21179624664879365,0.802013942680093,0.4085820895522388,0.4311441654897491
000801,2273,222,10.2,932.7,2119951.6,24.0,27.5,-0.08,0.04,0.49,-0.14,2263,0.01,0.488,-0.19,0.459,1403.54,1.0,0.19,0.465,-0.12,2244,-0.08,0.447,-0.61,0.396,1405.91,1.0,0.25,0.465,-0.3,2220,-0.35,0.405,-1.24,0.359,1406.69,1.0,0.83,0.567,1.12,2132,-0.31,0.429,-1.6,0.42,1415.23,1.0,0.46,0.47,-0.37,2007,-1.16,0.397,-2.33,0.331,1409.3,1.0,-0.222,0.46808510638297873,0.4316353887399464,0.2723470178156468,0.4878731343283582,0.4199813761711406
000039,1905,215,8.9,594.8,1133047.0,15.2,29.2,-0.08,0.04,0.447,-0.12,1889,0.02,0.451,-0.17,0.406,5052.24,1.0,-0.03,0.463,-0.13,1854,-0.09,0.416,-0.68,0.367,5046.67,1.0,0.13,0.55,0.44,1843,0.1,0.456,-0.79,0.346,5054.88,1.0,0.14,0.554,0.49,1799,-0.18,0.457,-1.64,0.354,5054.44,1.0,0.75,0.611,2.52,1682,-0.76,0.414,-2.12,0.324,5083.09,1.0,-0.19,0.511605415860735,0.3967828418230563,0.21533694810224632,0.5177238805970148,0.41851679657136165
000830,1395,219,6.4,478.5,667499.4,14.8,26.7,-0.06,0.2,0.454,0.0,1393,0.17,0.475,-0.04,0.438,807.63,1.0,-0.03,0.479,-0.16,1375,-0.15,0.439,-0.73,0.356,805.54,1.0,0.21,0.488,0.0,1350,0.04,0.447,-0.82,0.361,807.51,1.0,0.06,0.498,-0.09,1318,-0.24,0.439,-1.62,0.289,805.89,1.0,1.51,0.465,-1.06,1253,-0.15,0.397,-1.67,0.352,818.58,1.0,-0.174,0.5087040618955513,0.43699731903485256,0.13632842757552285,0.5326492537313432,0.41511143135691514
000799,2318,226,10.3,883.7,2048434.2,26.4,26.0,-0.11,0.0,0.465,-0.21,2311,-0.1,0.405,-0.27,0.395,120.64,1.0,0.18,0.424,-0.74,2304,-0.1,0.372,-0.61,0.345,121.0,1.0,0.55,0.453,-0.55,2274,-0.05,0.391,-0.72,0.312,121.8,1.0,1.35,0.494,-0.1,2243,0.09,0.405,-1.24,0.333,123.53,1.0,1.4,0.392,-3.03,2126,-0.39,0.342,-1.94,0.309,123.58,1.0,-0.11,0.5183752417794971,0.3056300268096515,0.2793183578621224,0.5923507462686567,0.4141378509539845
000543,1619,227,7.1,345.5,559424.9,10.3,29.3,-0.09,-0.11,0.424,-0.14,1614,-0.1,0.401,-0.27,0.367,504.92,1.0,-0.28,0.428,-0.28,1580,-0.43,0.373,-0.87,0.354,503.72,1.0,-0.06,0.387,-0.41,1563,-0.5,0.422,-1.19,0.374,504.97,1.0,0.52,0.431,-0.41,1523,-0.54,0.445,-1.48,0.406,508.21,1.0,0.97,0.516,0.14,1493,-0.8,0.34,-2.29,0.277,510.71,1.0,-0.275,0.4729206963249517,0.47184986595174266,0.1710302091402014,0.4384328358208955,0.4087725637256333
000683,1527,221,6.9,463.2,707271.5,12.9,26.9,-0.04,0.09,0.434,-0.15,1524,-0.02,0.458,-0.19,0.427,750.85,1.0,0.2,0.503,0.16,1514,0.03,0.46,-0.49,0.4,751.72,1.0,0.42,0.466,0.0,1501,0.01,0.441,-0.79,0.346,753.43,1.0,1.82,0.58,1.04,1465,0.69,0.528,-0.52,0.442,765.19,1.0,3.14,0.668,2.46,1401,1.02,0.498,-0.39,0.357,775.79,1.0,-0.191,0.511605415860735,0.3967828418230563,0.15677769171185127,0.5167910447761194,0.4067116617111931
000875,1402,218,6.4,448.8,629168.8,13.7,31.8,-0.03,0.04,0.42,-0.12,1400,-0.06,0.39,-0.16,0.394,48.15,1.0,0.15,0.515,0.12,1386,-0.12,0.447,-0.49,0.401,48.3,1.0,0.19,0.515,0.22,1378,-0.27,0.402,-0.88,0.359,48.35,1.0,0.15,0.505,0.13,1360,-0.53,0.421,-1.64,0.365,48.28,1.0,0.72,0.464,0.0,1325,-0.83,0.346,-2.63,0.288,49.09,1.0,-0.24,0.5029013539651838,0.4316353887399464,0.13741285824941907,0.4710820895522388,0.40524193881316517
000758,1210,184,6.6,624.5,755689.8,17.1,26.8,-0.11,0.19,0.46,-0.17,1199,0.19,0.458,0.06,0.439,1631.59,1.0,-0.19,0.479,-0.15,1189,-0.33,0.399,-0.67,0.367,1624.91,1.0,-0.12,0.474,-0.49,1178,-0.52,0.409,-1.07,0.362,1625.73,1.0,-0.29,0.383,-1.47,1164,-1.29,0.389,-2.07,0.336,1622.85,1.0,0.12,0.504,0.32,1148,-2.17,0.411,-3.62,0.393,1629.99,1.0,-0.22,0.48452611218568664,0.43967828418230565,0.10766847405112316,0.48973880597014924,0.39622150553620594
000538,2300,229,10.0,549.5,1263933.8,17.0,33.0,-0.06,0.02,0.45,-0.06,2294,-0.03,0.428,-0.16,0.398,2986.65,1.0,-0.05,0.455,-0.14,2281,-0.24,0.384,-0.59,0.337,2984.08,1.0,0.05,0.486,-0.02,2269,-0.39,0.353,-0.97,0.323,2986.95,1.0,0.0,0.493,-0.02,2232,-1.01,0.347,-1.9,0.217,2984.41,1.0,0.29,0.472,-0.26,2181,-1.67,0.313,-2.98,0.24,2991.66,1.0,-0.29,0.49419729206963253,0.33512064343163545,0.27652982184353214,0.4244402985074627,0.3959651040767964
000858,3699,228,16.2,4396.4,16262387.7,105.2,34.2,-0.01,-0.08,0.412,-0.17,3690,-0.15,0.435,-0.33,0.387,1927.42,1.0,-0.16,0.454,-0.19,3654,-0.51,0.402,-1.0,0.336,1924.97,1.0,-0.27,0.432,-0.41,3638,-0.87,0.359,-1.63,0.32,1922.36,1.0,-0.31,0.458,-0.33,3537,-1.52,0.274,-2.53,0.197,1919.12,1.0,-0.7,0.418,-0.96,3423,-2.94,0.198,-4.18,0.175,1909.89,1.0,-0.462,0.43036750483558994,0.3270777479892762,0.4932610379550736,0.2639925373134328,0.39532178765337683
000632,571,70,8.2,871.6,497663.2,19.7,17.9,0.34,-0.2,0.474,-0.45,570,-0.01,0.5,-0.73,0.46,662.63,1.0,-1.1,0.458,-3.71,555,-0.77,0.432,-2.49,0.389,656.78,1.0,0.1,0.49,-2.46,531,0.54,0.429,-2.11,0.414,666.14,1.0,-1.48,0.372,-6.47,484,-1.28,0.31,-5.74,0.285,653.34,1.0,-1.52,0.409,-3.04,340,-1.84,0.374,-4.25,0.212,655.71,1.0,-0.101,0.3839458413926499,0.579088471849866,0.008675445391169635,0.6007462686567164,0.3891145940559254
000566,1697,186,9.1,1282.1,2175692.4,29.9,23.6,0.01,-0.39,0.425,-0.64,1678,-0.41,0.414,-0.83,0.405,893.79,1.0,-0.36,0.435,-0.82,1661,-0.52,0.396,-1.58,0.376,894.28,1.0,-0.07,0.454,-0.96,1618,-0.33,0.355,-1.73,0.344,897.49,1.0,1.14,0.482,-0.28,1526,0.39,0.442,-1.51,0.4,908.96,1.0,1.82,0.464,-0.32,1378,-0.34,0.401,-1.72,0.39,916.15,1.0,-0.166,0.42069632495164405,0.3914209115281501,0.1831138652207591,0.5401119402985074,0.37633877051310527
000636,1501,177,8.5,659.9,990470.7,16.8,26.4,-0.08,-0.3,0.46,-0.5,1488,-0.3,0.378,-0.54,0.36,1741.65,1.0,-0.02,0.505,0.2,1466,-0.32,0.407,-1.04,0.373,1746.75,1.0,0.3,0.492,-0.06,1452,-0.4,0.421,-1.43,0.349,1752.42,1.0,0.34,0.488,-0.27,1404,-0.84,0.352,-2.6,0.29,1753.25,1.0,-0.21,0.488,-0.32,1317,-1.76,0.366,-3.84,0.255,1742.72,1.0,-0.311,0.44970986460348167,0.40482573726541554,0.15274980635166538,0.4048507462686567,0.37236670291821605
000596,2260,231,9.8,539.9,1220221.4,17.3,26.4,-0.06,-0.17,0.414,-0.29,2253,-0.26,0.401,-0.43,0.379,267.09,1.0,-0.41,0.386,-0.79,2231,-0.87,0.38,-1.29,0.355,266.16,1.0,-0.35,0.438,-0.82,2216,-1.06,0.345,-1.66,0.336,266.37,1.0,-0.46,0.44,-1.02,2185,-1.7,0.367,-2.74,0.317,265.89,1.0,-0.06,0.468,-2.49,2113,-2.43,0.403,-3.75,0.332,267.23,1.0,-0.356,0.4274661508704062,0.36997319034852555,0.2703330751355538,0.3628731343283582,0.3723323459126667
000823,1286,196,6.6,481.2,618798.6,14.4,27.9,-0.09,-0.33,0.415,-0.57,1286,-0.31,0.383,-0.44,0.363,214.31,1.0,-0.34,0.459,-0.33,1269,-0.59,0.485,-1.16,0.433,214.26,1.0,-0.21,0.525,0.16,1266,-0.95,0.42,-1.84,0.368,214.65,1.0,0.53,0.541,1.5,1229,-1.21,0.443,-2.7,0.43,216.89,1.0,1.19,0.531,0.87,1107,-1.63,0.408,-2.56,0.415,218.66,1.0,-0.311,0.4100580270793037,0.45576407506702415,0.11944229279628195,0.4048507462686567,0.3651259665379508
000723,1881,226,8.3,607.9,1143430.1,15.9,27.4,-0.1,-0.07,0.402,-0.24,1875,-0.12,0.34,-0.3,0.347,596.86,1.0,-0.17,0.461,-0.38,1861,-0.3,0.409,-0.76,0.347,596.09,1.0,-0.52,0.443,-0.43,1851,-0.89,0.416,-1.6,0.337,593.62,1.0,-0.55,0.44,-0.4,1830,-1.25,0.311,-2.58,0.243,593.51,1.0,-1.71,0.429,-2.29,1744,-2.68,0.314,-4.41,0.235,585.57,1.0,-0.371,0.43326885880077376,0.37265415549597863,0.21161890007745934,0.34888059701492535,0.36231562988608756
000625,4522,227,19.9,1006.0,4549162.0,25.9,35.1,-0.05,-0.07,0.431,-0.16,4500,-0.16,0.406,-0.31,0.337,1426.73,1.0,-0.15,0.45,-0.08,4466,-0.49,0.326,-0.89,0.267,1425.3,1.0,-0.21,0.481,-0.08,4433,-0.78,0.309,-1.38,0.238,1424.15,1.0,-0.26,0.432,-0.56,4335,-1.45,0.339,-2.38,0.25,1422.85,1.0,-0.69,0.424,-1.03,4201,-2.85,0.211,-4.15,0.156,1415.36,1.0,-0.49,0.4545454545454546,0.10723860589812328,0.6207591014717273,0.2378731343283582,0.3619288973148001
000680,1086,187,5.8,497.2,539959.1,14.8,24.0,-0.05,-0.09,0.404,-0.42,1086,-0.2,0.41,-0.35,0.36,456.59,1.0,0.03,0.44,-0.43,1069,-0.3,0.412,-0.79,0.366,457.19,1.0,-0.0,0.445,-0.81,1067,-0.64,0.395,-1.43,0.34,457.06,1.0,0.05,0.425,-1.4,1045,-1.37,0.365,-2.77,0.296,457.35,1.0,-2.03,0.364,-2.48,987,-4.48,0.351,-6.14,0.271,445.69,1.0,-0.266,0.44970986460348167,0.3806970509383379,0.0884585592563904,0.44682835820895517,0.35646760879506767
000155,1584,204,7.8,561.2,889018.2,16.8,28.6,-0.07,-0.02,0.451,-0.1,1575,-0.03,0.421,-0.34,0.406,60.03,1.0,-0.21,0.471,-0.31,1545,-0.27,0.45,-1.17,0.349,59.72,1.0,-0.14,0.444,-0.32,1517,-0.37,0.398,-1.66,0.339,59.8,1.0,-0.19,0.516,0.24,1444,-0.85,0.378,-2.79,0.28,59.66,1.0,-0.0,0.434,-0.66,1325,-1.09,0.319,-3.06,0.245,59.79,1.0,-0.33,0.4274661508704062,0.3780160857908848,0.16560805577072038,0.38712686567164173,0.3562255838067362
000629,1963,232,8.5,410.1,805079.9,11.1,30.1,-0.04,-0.02,0.431,0.0,1956,-0.11,0.424,-0.27,0.388,713.67,1.0,-0.11,0.468,-0.32,1942,-0.26,0.418,-0.72,0.336,712.88,1.0,-0.21,0.458,-0.32,1922,-0.49,0.357,-1.21,0.309,712.06,1.0,-0.18,0.483,0.0,1886,-0.65,0.385,-1.87,0.296,712.29,1.0,0.09,0.555,1.09,1820,-1.19,0.384,-2.94,0.208,714.37,1.0,-0.409,0.4709864603481625,0.29758713136729226,0.22432223082881486,0.31343283582089554,0.3538784532973052
000049,891,164,5.4,470.6,419279.6,15.3,28.1,-0.04,-0.14,0.445,-0.1,890,-0.2,0.431,-0.43,0.409,839.35,1.0,-0.19,0.435,-0.29,886,-0.41,0.433,-0.99,0.37,838.75,1.0,0.0,0.426,-0.53,878,-0.38,0.4,-1.32,0.339,840.63,1.0,0.18,0.53,0.53,864,-0.4,0.439,-2.09,0.363,842.35,1.0,0.33,0.595,1.51,796,-1.09,0.481,-3.07,0.283,843.66,1.0,-0.31,0.46034816247582205,0.3780160857908848,0.05824941905499613,0.40578358208955223,0.3497723327475487
000002,4782,232,20.6,1084.0,5183622.9,25.5,32.2,-0.05,-0.11,0.396,-0.29,4759,-0.19,0.398,-0.36,0.379,16788.98,1.0,-0.37,0.366,-0.45,4720,-0.7,0.343,-1.19,0.339,16745.71,1.0,-0.81,0.399,-0.73,4686,-1.35,0.333,-2.12,0.247,16671.87,1.0,-1.67,0.306,-1.92,4571,-2.63,0.27,-3.84,0.221,16527.38,1.0,-3.66,0.245,-3.46,4345,-5.38,0.177,-6.81,0.168,16188.18,1.0,-0.483,0.3829787234042553,0.13136729222520105,0.6610379550735863,0.24440298507462685,0.3492495665514424
000728,1982,231,8.6,413.5,819469.6,11.9,27.7,-0.03,-0.14,0.403,-0.22,1978,-0.22,0.433,-0.35,0.39,205.18,1.0,-0.2,0.434,-0.25,1974,-0.48,0.363,-0.82,0.346,204.97,1.0,-0.24,0.483,0.0,1965,-0.81,0.383,-1.37,0.32,204.84,1.0,-0.08,0.454,-0.63,1950,-1.46,0.382,-2.51,0.282,205.28,1.0,-0.16,0.491,0.0,1895,-2.44,0.371,-3.95,0.27,204.87,1.0,-0.523,0.45551257253384914,0.3270777479892762,0.22726568551510457,0.20708955223880593,0.34649044573722404
000065,1661,203,8.2,621.5,1032235.8,16.9,26.1,-0.07,-0.12,0.465,-0.35,1650,-0.17,0.393,-0.33,0.39,1704.75,1.0,0.04,0.445,-0.51,1644,-0.28,0.422,-0.7,0.389,1707.66,1.0,-0.28,0.442,-0.87,1633,-0.85,0.35,-1.49,0.311,1702.05,1.0,-0.66,0.425,-0.96,1618,-1.71,0.315,-3.1,0.253,1694.84,1.0,-1.01,0.408,-2.69,1535,-2.28,0.325,-3.86,0.24,1688.07,1.0,-0.295,0.4439071566731141,0.3029490616621984,0.17753679318357862,0.41977611940298504,0.34593255174491944
000685,858,123,7.0,775.0,664963.4,21.6,28.8,-0.09,0.06,0.454,-0.67,844,-0.09,0.443,-0.39,0.399,1649.94,1.0,0.54,0.48,-0.4,838,0.02,0.45,-0.8,0.412,1658.07,1.0,0.72,0.403,-0.89,833,-0.09,0.389,-1.51,0.327,1661.08,1.0,-0.46,0.439,-1.13,806,-1.95,0.377,-5.09,0.339,1640.67,1.0,-0.83,0.364,-3.24,675,-3.25,0.31,-6.15,0.237,1632.58,1.0,-0.181,0.441972920696325,0.3458445040214478,0.05313710302091402,0.5261194029850746,0.3437818803876546
000628,2224,227,9.8,786.0,1748075.4,22.6,27.6,-0.1,-0.33,0.453,-0.32,2211,-0.44,0.392,-0.58,0.35,217.99,1.0,-0.39,0.405,-1.01,2187,-0.87,0.307,-1.22,0.285,217.81,1.0,-0.46,0.436,-0.46,2162,-1.37,0.319,-1.83,0.305,217.55,1.0,-0.72,0.434,-1.42,2131,-2.44,0.312,-3.26,0.277,216.74,1.0,-2.87,0.317,-6.42,2082,-5.39,0.29,-6.61,0.222,209.85,1.0,-0.331,0.41102514506769827,0.2868632707774799,0.2647560030983733,0.38619402985074625,0.3420396428650726
000560,2701,235,11.5,579.5,1565115.3,13.7,28.7,-0.06,-0.27,0.433,-0.3,2691,-0.26,0.379,-0.44,0.379,427.88,1.0,-0.3,0.447,-0.32,2680,-0.53,0.367,-1.01,0.319,427.73,1.0,-0.44,0.419,-0.65,2665,-0.88,0.329,-1.62,0.269,426.97,1.0,-0.58,0.4,-1.35,2623,-1.59,0.29,-2.87,0.253,426.25,1.0,-1.99,0.328,-2.64,2489,-3.86,0.205,-5.3,0.181,418.73,1.0,-0.322,0.43133462282398455,0.19034852546916894,0.3386522075910147,0.39458955223880593,0.336827803512428
000825,894,153,5.8,448.4,400842.3,12.3,26.8,-0.09,0.1,0.457,0.0,881,-0.01,0.456,-0.57,0.38,725.96,1.0,0.37,0.528,0.26,852,0.03,0.437,-1.7,0.325,728.23,1.0,1.11,0.595,1.15,807,0.42,0.468,-2.34,0.348,734.3,1.0,2.39,0.575,1.57,668,1.05,0.434,-1.9,0.349,745.81,1.0,1.96,0.543,0.8,554,-0.29,0.437,-2.04,0.28,743.03,1.0,-0.352,0.3617021276595745,0.40214477211796246,0.0587141750580945,0.3666044776119403,0.31372756547203146
000759,2012,203,9.9,841.1,1692200.7,22.3,25.2,-0.07,-0.65,0.477,-0.26,2011,-0.61,0.42,-0.85,0.389,623.64,1.0,-1.1,0.397,-1.49,1983,-1.31,0.378,-1.91,0.329,620.39,1.0,-1.51,0.372,-1.46,1962,-1.82,0.352,-2.69,0.316,617.35,1.0,-2.71,0.343,-2.74,1922,-3.72,0.311,-5.22,0.265,608.56,1.0,-4.15,0.354,-4.72,1793,-5.93,0.294,-7.25,0.259,597.93,1.0,-0.318,0.32785299806576407,0.31635388739946385,0.2319132455460883,0.39832089552238803,0.31226210410760125
000410,767,131,5.9,476.5,365505.9,13.4,25.1,-0.03,-0.36,0.399,-0.59,766,-0.24,0.401,-0.42,0.41,188.24,1.0,-0.72,0.406,-0.77,764,-0.38,0.369,-0.96,0.342,187.19,1.0,-0.94,0.461,-0.25,762,-0.49,0.331,-1.35,0.281,186.55,1.0,-1.7,0.466,-0.93,756,-1.01,0.339,-2.61,0.282,184.37,1.0,-4.85,0.234,-4.77,727,-3.89,0.151,-6.34,0.122,175.3,1.0,-0.299,0.45744680851063835,0.222520107238606,0.03903950426026336,0.416044776119403,0.2991471340398301
000786,1852,227,8.2,492.0,911094.2,16.5,28.1,-0.04,-0.15,0.433,-0.15,1845,-0.2,0.456,-0.33,0.43,1155.56,1.0,-0.41,0.4,-0.57,1834,-0.65,0.346,-1.06,0.304,1152.28,1.0,-0.42,0.431,-0.53,1827,-0.92,0.336,-1.57,0.27,1152.03,1.0,-0.76,0.409,-0.94,1806,-2.01,0.262,-3.13,0.17,1147.51,1.0,-1.55,0.343,-1.27,1722,-3.89,0.275,-5.26,0.168,1137.06,1.0,-0.479,0.4361702127659574,0.19302949061662203,0.20712625871417506,0.24813432835820895,0.29861561687002547
000533,1695,194,8.7,858.6,1455398.8,20.8,24.5,-0.02,-0.23,0.462,-0.28,1691,-0.24,0.402,-0.44,0.403,125.71,1.0,-1.31,0.417,-1.56,1683,-1.31,0.359,-1.87,0.367,123.28,1.0,-2.14,0.388,-2.41,1659,-2.22,0.345,-3.0,0.312,121.5,1.0,-3.49,0.353,-4.02,1620,-4.07,0.283,-5.3,0.27,118.36,1.0,-2.75,0.375,-3.6,1550,-4.92,0.288,-6.17,0.235,119.96,1.0,-0.321,0.2978723404255319,0.3056300268096515,0.18280402788536018,0.39552238805970147,0.2869509885961504
000009,1284,164,7.8,771.9,991156.0,20.6,26.1,-0.07,-0.01,0.392,-0.48,1283,-0.19,0.397,-0.3,0.352,920.66,1.0,0.04,0.444,-0.26,1278,-0.35,0.38,-0.84,0.341,921.24,1.0,-0.17,0.487,-0.18,1270,-0.92,0.305,-1.68,0.257,919.02,1.0,-0.91,0.444,-0.91,1254,-1.97,0.254,-3.58,0.222,911.42,1.0,-0.74,0.408,-1.82,1194,-3.22,0.188,-5.41,0.159,912.96,1.0,-0.294,0.4255319148936171,0.15817694369973193,0.11913245546088304,0.4207089552238806,0.2835632356819311
000417,958,145,6.6,669.0,640903.0,15.8,21.8,-0.02,-0.41,0.428,-0.72,939,-0.45,0.37,-0.97,0.368,1896.62,1.0,-0.78,0.379,-0.96,921,-0.92,0.422,-2.38,0.345,1888.84,1.0,-1.15,0.395,-1.54,887,-1.35,0.372,-3.17,0.324,1881.41,1.0,-0.68,0.391,-1.57,823,-1.53,0.456,-3.95,0.284,1888.45,1.0,1.24,0.474,-0.69,699,-1.04,0.388,-2.83,0.318,1928.6,1.0,-0.394,0.281431334622824,0.33780160857908853,0.06862896979085979,0.32742537313432835,0.260381347694461
000816,784,156,5.0,500.3,392251.1,11.9,20.4,-0.01,-0.62,0.431,-0.34,777,-0.74,0.434,-1.16,0.349,645.92,1.0,-1.66,0.451,-0.59,763,-1.92,0.379,-2.78,0.305,638.53,1.0,-1.46,0.394,-1.58,746,-1.94,0.39,-3.23,0.318,640.01,1.0,-2.29,0.324,-2.37,723,-3.39,0.292,-6.12,0.241,633.63,1.0,-2.81,0.346,-2.56,602,-3.91,0.282,-5.6,0.231,630.75,1.0,-0.371,0.27562862669245647,0.32171581769437,0.04167312161115414,0.34888059701492535,0.24998888000901698
000821,967,166,5.8,459.9,444734.4,14.3,24.1,-0.04,-0.03,0.417,-0.48,960,-0.14,0.386,-0.39,0.342,149.32,1.0,-0.11,0.474,-0.49,927,-0.6,0.393,-1.2,0.319,149.12,1.0,-0.52,0.428,-1.68,911,-1.22,0.311,-2.01,0.255,148.07,1.0,-1.69,0.364,-2.24,888,-2.7,0.243,-3.96,0.196,145.2,1.0,-3.05,0.328,-3.51,850,-4.77,0.205,-6.52,0.132,141.79,1.0,-0.411,0.39361702127659576,0.15281501340482576,0.07002323780015492,0.31156716417910446,0.24845267651002748
000886,1246,169,7.4,499.2,622037.6,13.7,21.8,-0.04,-0.54,0.436,-0.38,1236,-0.65,0.348,-0.99,0.358,214.03,1.0,-1.04,0.45,-0.85,1217,-1.31,0.326,-2.28,0.334,212.5,1.0,-1.66,0.434,-1.28,1191,-1.99,0.376,-3.34,0.302,210.5,1.0,-2.15,0.42,-1.63,1143,-2.52,0.372,-4.96,0.274,208.87,1.0,-1.71,0.361,-1.76,993,-3.39,0.363,-5.3,0.235,210.03,1.0,-0.532,0.2649903288201161,0.27882037533512066,0.11324554608830364,0.19869402985074622,0.23216075633131797
000686,1187,190,6.2,810.7,962336.2,19.6,26.1,-0.05,-0.37,0.418,-0.37,1181,-0.34,0.369,-0.7,0.35,1343.43,1.0,-0.74,0.428,-0.7,1165,-0.68,0.361,-1.57,0.252,1337.72,1.0,-0.47,0.476,-0.24,1133,-0.72,0.373,-1.99,0.229,1341.35,1.0,-0.12,0.512,0.26,1101,-0.82,0.441,-3.12,0.253,1346.09,1.0,0.77,0.573,0.73,972,-0.79,0.415,-2.72,0.254,1357.08,1.0,-0.565,0.3955512572533849,0.08310991957104559,0.10410534469403564,0.16791044776119407,0.22076559248759417
000701,823,119,6.9,742.2,610796.6,18.5,25.1,0.05,-0.5,0.435,-0.39,823,-0.61,0.394,-0.88,0.371,71.85,1.0,-2.1,0.38,-1.7,823,-2.22,0.346,-3.01,0.306,69.12,1.0,-2.89,0.434,-1.94,811,-2.78,0.348,-3.93,0.308,67.73,1.0,-5.42,0.346,-5.71,791,-6.06,0.241,-8.22,0.205,63.25,1.0,-3.28,0.331,-5.72,677,-5.98,0.343,-7.22,0.284,67.04,1.0,-0.367,0.2079303675048356,0.29490616621983917,0.047714949651433,0.35261194029850745,0.21644818082802336
000567,594,102,5.8,452.4,268705.8,11.9,17.7,0.02,0.02,0.488,-0.15,594,-0.1,0.468,-0.5,0.424,1502.74,1.0,-0.14,0.408,-0.87,590,-0.84,0.351,-1.8,0.32,1500.42,1.0,-1.14,0.382,-2.28,574,-2.04,0.328,-3.47,0.274,1484.68,1.0,-1.89,0.362,-1.67,538,-3.06,0.275,-4.8,0.217,1472.58,1.0,-4.02,0.389,-2.99,507,-6.53,0.185,-8.49,0.051,1437.5,1.0,-0.565,0.25241779497098643,0.20375335120643437,0.012238574748257165,0.16791044776119407,0.1813318830760957
000546,533,99,5.4,734.8,391659.2,18.1,21.7,0.07,-0.53,0.328,-1.39,524,-0.46,0.317,-1.15,0.265,103.09,1.0,-0.49,0.455,-0.4,494,-0.77,0.419,-2.65,0.37,103.39,1.0,-0.67,0.393,-1.13,458,-1.22,0.334,-3.99,0.273,103.07,1.0,-0.03,0.5,0.17,376,-0.82,0.431,-3.91,0.319,104.31,1.0,3.47,0.571,1.46,312,0.86,0.478,-0.61,0.442,110.78,1.0,-0.357,0.20212765957446807,0.20107238605898128,0.0027885360185902403,0.3619402985074627,0.17792451670194595
000530,1224,183,6.7,598.9,733030.0,16.8,27.2,-0.0,-0.17,0.475,-0.15,1216,-0.18,0.478,-0.5,0.386,981.64,1.0,-0.81,0.381,-1.14,1197,-1.25,0.357,-2.11,0.305,974.35,1.0,-1.97,0.355,-2.54,1186,-2.56,0.287,-3.72,0.231,961.99,1.0,-3.54,0.367,-3.3,1130,-4.38,0.276,-6.34,0.222,944.76,1.0,-0.86,0.491,-0.3,987,-2.74,0.321,-4.08,0.298,973.59,1.0,-0.608,0.22823984526112184,0.08847184986595176,0.10983733539891558,0.12779850746268656,0.15258481089028605
000078,515,104,5.0,1411.5,726921.6,32.1,23.9,0.06,0.02,0.376,-0.74,510,-0.26,0.363,-1.03,0.345,1952.73,1.0,-0.41,0.285,-3.2,480,-1.03,0.279,-3.29,0.269,1946.09,1.0,-1.85,0.255,-4.72,467,-2.44,0.281,-6.08,0.248,1917.02,1.0,-4.06,0.28,-5.45,372,-4.73,0.245,-9.2,0.215,1869.57,1.0,3.77,0.469,-1.45,226,0.64,0.314,-0.31,0.283,2039.98,1.0,-0.296,0.0,0.13404825737265413,0.0,0.41884328358208955,0.0820988055700052
000505,537,76,7.1,699.3,375498.4,16.2,19.6,-0.1,-0.78,0.445,-0.94,528,-0.81,0.398,-1.55,0.35,235.56,1.0,-0.54,0.476,-0.11,498,-1.02,0.422,-2.85,0.257,236.56,1.0,-2.61,0.334,-2.82,479,-3.06,0.313,-5.68,0.198,229.5,1.0,-2.65,0.352,-2.0,423,-3.56,0.312,-7.56,0.161,229.34,1.0,-2.39,0.304,-4.88,326,-5.11,0.264,-6.74,0.248,230.38,1.0,-0.745,0.0386847195357834,0.0,0.0034082106893880714,0.0,0.016155529952190977
